{
  "model": "XGBoost",
  "overall": {
    "accuracy": 0.34704034919620996,
    "precision": 0.42017142634004156,
    "recall": 0.34704034919620996,
    "f1_score": 0.3210509272876881
  },
  "per_class": {
    "7zip": {
      "accuracy": 0.33226021988701937,
      "precision": 0.2771374287523749,
      "recall": 0.33226021988701937,
      "f1_score": 0.3022057706385271,
      "support": 32926
    },
    "apk": {
      "accuracy": 0.07604491578290705,
      "precision": 0.8203230148048453,
      "recall": 0.07604491578290705,
      "f1_score": 0.13918702900205526,
      "support": 16030
    },
    "bin": {
      "accuracy": 0.6421524663677131,
      "precision": 0.7387155016765541,
      "recall": 0.6421524663677131,
      "f1_score": 0.6870576946143697,
      "support": 4460
    },
    "bmp": {
      "accuracy": 0.45875096376252894,
      "precision": 0.7418952618453866,
      "recall": 0.45875096376252894,
      "f1_score": 0.5669366364935684,
      "support": 2594
    },
    "css": {
      "accuracy": 0.0,
      "precision": 0.0,
      "recall": 0.0,
      "f1_score": 0.0,
      "support": 194
    },
    "dll": {
      "accuracy": 0.19372787051087506,
      "precision": 0.5595325054784515,
      "recall": 0.19372787051087506,
      "f1_score": 0.28780762727785086,
      "support": 3954
    },
    "elf": {
      "accuracy": 0.1589041095890411,
      "precision": 0.8055555555555556,
      "recall": 0.1589041095890411,
      "f1_score": 0.2654462242562929,
      "support": 365
    },
    "html": {
      "accuracy": 0.007352941176470588,
      "precision": 0.5,
      "recall": 0.007352941176470588,
      "f1_score": 0.014492753623188406,
      "support": 136
    },
    "javascript": {
      "accuracy": 0.033854166666666664,
      "precision": 0.8125,
      "recall": 0.033854166666666664,
      "f1_score": 0.065,
      "support": 384
    },
    "json": {
      "accuracy": 0.25,
      "precision": 0.5197368421052632,
      "recall": 0.25,
      "f1_score": 0.33760683760683763,
      "support": 948
    },
    "mp3": {
      "accuracy": 0.06861964655309664,
      "precision": 0.8132075471698114,
      "recall": 0.06861964655309664,
      "f1_score": 0.12655997650858905,
      "support": 6281
    },
    "mp4": {
      "accuracy": 0.0,
      "precision": 0.0,
      "recall": 0.0,
      "f1_score": 0.0,
      "support": 11660
    },
    "pdf": {
      "accuracy": 0.0474849609624984,
      "precision": 0.5408163265306123,
      "recall": 0.0474849609624984,
      "f1_score": 0.08730438875161783,
      "support": 7813
    },
    "rtf": {
      "accuracy": 0.9783104279293949,
      "precision": 0.8110589124682758,
      "recall": 0.9783104279293949,
      "f1_score": 0.8868682097307511,
      "support": 15353
    },
    "swf": {
      "accuracy": 0.31001416263424997,
      "precision": 0.23820535491623024,
      "recall": 0.31001416263424997,
      "f1_score": 0.2694068024768913,
      "support": 33892
    },
    "tar": {
      "accuracy": 0.46605277994040106,
      "precision": 0.2514484356894554,
      "recall": 0.46605277994040106,
      "f1_score": 0.32665656841253565,
      "support": 37249
    },
    "tif": {
      "accuracy": 0.31945076619632834,
      "precision": 0.6369686885493874,
      "recall": 0.31945076619632834,
      "f1_score": 0.425503966048603,
      "support": 13182
    },
    "xlsx": {
      "accuracy": 0.015945330296127564,
      "precision": 1.0,
      "recall": 0.015945330296127564,
      "f1_score": 0.03139013452914798,
      "support": 439
    }
  },
  "training_time": 3501.3779656887054,
  "timestamp": "2026-02-21T23:40:33.137752"
}