{
  "model": "Random Forest",
  "overall": {
    "accuracy": 0.48846153846153845,
    "precision": 0.6816516402764193,
    "recall": 0.48846153846153845,
    "f1_score": 0.3969137398042931
  },
  "per_class": {
    "7zip": {
      "accuracy": 0.9993621867881549,
      "precision": 0.42300942977804346,
      "recall": 0.9993621867881549,
      "f1_score": 0.5944151638733454,
      "support": 21950
    },
    "apk": {
      "accuracy": 0.12473098156638907,
      "precision": 0.9224913494809689,
      "recall": 0.12473098156638907,
      "f1_score": 0.21974942301351796,
      "support": 10687
    },
    "bin": {
      "accuracy": 0.6047763202152707,
      "precision": 0.8627639155470249,
      "recall": 0.6047763202152707,
      "f1_score": 0.7110935337156417,
      "support": 2973
    },
    "css": {
      "accuracy": 0.0,
      "precision": 0.0,
      "recall": 0.0,
      "f1_score": 0.0,
      "support": 130
    },
    "elf": {
      "accuracy": 0.1728395061728395,
      "precision": 1.0,
      "recall": 0.1728395061728395,
      "f1_score": 0.29473684210526313,
      "support": 243
    },
    "html": {
      "accuracy": 0.0,
      "precision": 0.0,
      "recall": 0.0,
      "f1_score": 0.0,
      "support": 91
    },
    "javascript": {
      "accuracy": 0.0,
      "precision": 0.0,
      "recall": 0.0,
      "f1_score": 0.0,
      "support": 256
    },
    "json": {
      "accuracy": 0.33860759493670883,
      "precision": 0.3683304647160069,
      "recall": 0.33860759493670883,
      "f1_score": 0.3528441879637263,
      "support": 632
    },
    "mp3": {
      "accuracy": 0.037010506208213945,
      "precision": 0.9935897435897436,
      "recall": 0.037010506208213945,
      "f1_score": 0.07136279926335175,
      "support": 4188
    },
    "mp4": {
      "accuracy": 0.0010292036536729706,
      "precision": 0.8,
      "recall": 0.0010292036536729706,
      "f1_score": 0.0020557625594243866,
      "support": 7773
    },
    "pdf": {
      "accuracy": 0.1685544250335957,
      "precision": 0.5515075376884422,
      "recall": 0.1685544250335957,
      "f1_score": 0.2581973239229525,
      "support": 5209
    },
    "tif": {
      "accuracy": 0.49726900318616296,
      "precision": 0.8480496797981758,
      "recall": 0.49726900318616296,
      "f1_score": 0.6269277670181479,
      "support": 8788
    }
  },
  "training_time": 2196.919764518738,
  "timestamp": "2026-02-14T16:14:15.194203"
}