{
  "model": "Random Forest",
  "overall": {
    "accuracy": 0.3083679335675503,
    "precision": 0.42292351278343027,
    "recall": 0.3083679335675503,
    "f1_score": 0.2747900385168785
  },
  "per_class": {
    "7zip": {
      "accuracy": 0.3476887566057219,
      "precision": 0.2485399795922798,
      "recall": 0.3476887566057219,
      "f1_score": 0.2898704850165217,
      "support": 32926
    },
    "apk": {
      "accuracy": 0.0700561447286338,
      "precision": 0.7998575498575499,
      "recall": 0.0700561447286338,
      "f1_score": 0.1288287254789492,
      "support": 16030
    },
    "bin": {
      "accuracy": 0.36591928251121075,
      "precision": 0.6448044251284077,
      "recall": 0.36591928251121075,
      "f1_score": 0.46688599628093264,
      "support": 4460
    },
    "bmp": {
      "accuracy": 0.36777178103315344,
      "precision": 0.7221801665404997,
      "recall": 0.36777178103315344,
      "f1_score": 0.48735632183908045,
      "support": 2594
    },
    "css": {
      "accuracy": 0.0,
      "precision": 0.0,
      "recall": 0.0,
      "f1_score": 0.0,
      "support": 194
    },
    "dll": {
      "accuracy": 0.0738492665655033,
      "precision": 0.6517857142857143,
      "recall": 0.0738492665655033,
      "f1_score": 0.13266696955929122,
      "support": 3954
    },
    "elf": {
      "accuracy": 0.07123287671232877,
      "precision": 1.0,
      "recall": 0.07123287671232877,
      "f1_score": 0.1329923273657289,
      "support": 365
    },
    "html": {
      "accuracy": 0.0,
      "precision": 0.0,
      "recall": 0.0,
      "f1_score": 0.0,
      "support": 136
    },
    "javascript": {
      "accuracy": 0.0,
      "precision": 0.0,
      "recall": 0.0,
      "f1_score": 0.0,
      "support": 384
    },
    "json": {
      "accuracy": 0.04852320675105485,
      "precision": 0.6764705882352942,
      "recall": 0.04852320675105485,
      "f1_score": 0.09055118110236221,
      "support": 948
    },
    "mp3": {
      "accuracy": 0.0297723292469352,
      "precision": 0.9540816326530612,
      "recall": 0.0297723292469352,
      "f1_score": 0.05774278215223097,
      "support": 6281
    },
    "mp4": {
      "accuracy": 8.576329331046312e-05,
      "precision": 0.5,
      "recall": 8.576329331046312e-05,
      "f1_score": 0.0001714971702966901,
      "support": 11660
    },
    "pdf": {
      "accuracy": 0.042109305004479715,
      "precision": 0.5189274447949527,
      "recall": 0.042109305004479715,
      "f1_score": 0.07789747839469634,
      "support": 7813
    },
    "rtf": {
      "accuracy": 0.9791571679801994,
      "precision": 0.7978452393588791,
      "recall": 0.9791571679801994,
      "f1_score": 0.8792513525369205,
      "support": 15353
    },
    "swf": {
      "accuracy": 0.25979582202289625,
      "precision": 0.2151181256260536,
      "recall": 0.25979582202289625,
      "f1_score": 0.23535543883565213,
      "support": 33892
    },
    "tar": {
      "accuracy": 0.4482536443931381,
      "precision": 0.23039878570442943,
      "recall": 0.4482536443931381,
      "f1_score": 0.3043593178938926,
      "support": 37249
    },
    "tif": {
      "accuracy": 0.10294340767713549,
      "precision": 0.46377306903622695,
      "recall": 0.10294340767713549,
      "f1_score": 0.16848770797119444,
      "support": 13182
    },
    "xlsx": {
      "accuracy": 0.0,
      "precision": 0.0,
      "recall": 0.0,
      "f1_score": 0.0,
      "support": 439
    }
  },
  "training_time": 203.1445631980896,
  "timestamp": "2026-02-20T14:47:50.822203"
}